Date,Open,High,Low,Close,Adj Close,Volume
2014-04-01 0:00:00,296.049988,296.537994,291.856995,293.399994,280.198059,22471359
2014-04-02 0:00:00,294.200012,294.399994,292,292.649994,279.481812,19878234
2014-04-03 0:00:00,293.149994,294.700012,290.69101,291.700012,278.574585,15079524
2014-04-04 0:00:00,290,292.125,286.450012,287.399994,274.468018,30500543
2014-04-07 0:00:00,285.549988,289.899994,283.005005,283.299988,270.552521,22256349
2014-04-08 0:00:00,283,287.950012,278.5,287.850006,274.897827,46466951
2014-04-09 0:00:00,289,289.75,284,284.200012,271.412048,26696279
2014-04-10 0:00:00,285.850006,286.149994,283.053986,284.049988,271.268768,18364991
2014-04-11 0:00:00,282.700012,284.5,280.628998,281.049988,268.403748,17573959
2014-04-14 0:00:00,280,289.350006,279.600006,289.350006,276.330322,27798037
2014-04-15 0:00:00,289.350006,291.899994,285.899994,286.299988,273.417511,22117603
2014-04-16 0:00:00,300,302,290.600006,293.799988,280.580078,36824241
2014-04-17 0:00:00,295,295.450012,286.200012,289.700012,276.664581,29758412
2014-04-22 0:00:00,289.700012,294.149994,288.450012,292.399994,279.243042,41758931
2014-04-23 0:00:00,291.799988,298.278992,291.75,297.350006,283.970337,24092193
2014-04-24 0:00:00,299.25,300.399994,297.5,300.399994,286.883087,17332416
2014-04-25 0:00:00,300.100006,300.600006,297.951996,299.399994,285.928101,11659678
2014-04-28 0:00:00,299.049988,305.149994,298.950012,302.350006,288.745392,22432986
2014-04-29 0:00:00,301.200012,306.399994,301.200012,303.299988,289.652588,27190478
2014-04-30 0:00:00,292.600006,302.329987,291.100006,292.950012,289.435242,19332643
2014-05-01 0:00:00,291.200012,296.980011,284.399994,286.549988,283.11203,25705675
2014-05-02 0:00:00,285.200012,295.329987,283.899994,285.5,282.074646,17909987
2014-05-06 0:00:00,285.5,288.281006,285.125,287.799988,284.347046,19628316
2014-05-07 0:00:00,288.200012,289.450012,283.799988,286.049988,282.618011,23354188
2014-05-08 0:00:00,286.549988,295.399994,283.700012,295,291.460663,25924620
2014-05-09 0:00:00,295.5,298.049988,293.024994,296.850006,293.288452,16733641
2014-05-12 0:00:00,297.350006,298.022003,292.649994,293.950012,290.423248,14272997
2014-05-13 0:00:00,294.850006,296.5,294,295.75,292.20163,12401409
2014-05-14 0:00:00,296.700012,297.5,293.494995,296.299988,292.745056,11415745
2014-05-15 0:00:00,296.600006,303.299988,295.5,302.549988,298.920044,25236560
2014-05-16 0:00:00,302.600006,311.100006,301.549988,310.450012,306.725311,27088182
2014-05-19 0:00:00,311.399994,320.75,302.600006,312,308.256683,19712907
2014-05-20 0:00:00,310,310,304.450012,306.049988,302.378082,19561557
2014-05-21 0:00:00,306.299988,310,300.850006,303.799988,300.15506,17589916
2014-05-22 0:00:00,303.200012,305.149994,301.299988,303.450012,299.809296,14433058
2014-05-23 0:00:00,303,306,301.75,304.149994,300.500885,10837467
2014-05-27 0:00:00,304.149994,306.5,301.649994,302.799988,299.167084,10797243
2014-05-28 0:00:00,304,304,299.25,301.299988,297.685059,16347213
2014-05-29 0:00:00,301.049988,307.049988,301.049988,305,301.340668,13648323
2014-05-30 0:00:00,305.600006,305.950012,301.350006,303.549988,299.908051,18741134
2014-06-02 0:00:00,302.450012,303.350006,297.75,300.549988,296.944061,20730631
2014-06-03 0:00:00,300.75,301,295.549988,297.5,293.930664,17296760
2014-06-04 0:00:00,305,305,292.049988,293.5,289.978668,26386841
2014-06-05 0:00:00,292.299988,294.399994,289.850006,291.649994,288.150818,18896254
2014-06-06 0:00:00,291.850006,292.505005,288.049988,290.549988,287.064056,29525224
2014-06-09 0:00:00,291,294.850006,289.649994,294.100006,290.571442,12006974
2014-06-10 0:00:00,293.950012,295.399994,291.299988,295.399994,291.855835,10723585
2014-06-11 0:00:00,295.450012,298.450012,294.350006,295,291.460663,12082202
2014-06-12 0:00:00,295,296,291.350006,292.100006,288.595459,10685011
2014-06-13 0:00:00,291.600006,295.100006,290.950012,292,288.496643,11257727
2014-06-16 0:00:00,290.75,291.380005,288.450012,288.850006,285.38443,12962409
2014-06-17 0:00:00,289.850006,292.118988,285.946014,290.049988,286.570038,14069013
2014-06-18 0:00:00,290.75,295.799988,289.894989,292.100006,288.595459,17947808
2014-06-19 0:00:00,293.5,294.75,290,290.899994,287.409851,13429073
2014-06-20 0:00:00,291.549988,291.850006,288.399994,290.350006,286.866455,28949446
2014-06-23 0:00:00,290.75,293.5,287.299988,292,288.496643,15935056
2014-06-24 0:00:00,289,293.144012,287.549988,289.350006,285.878448,17245123
2014-06-25 0:00:00,289.049988,289.450012,285.25,285.25,281.827637,15401563
2014-06-26 0:00:00,286.350006,287.799988,284.700012,285.200012,281.778259,17227205
2014-06-27 0:00:00,285.049988,287.200012,282.549988,283.75,280.345642,22339635
2014-06-30 0:00:00,284,286,282.899994,284.200012,280.790253,15697865
2014-07-01 0:00:00,284.450012,284.739014,278.700012,284.149994,280.740814,21041271
2014-07-02 0:00:00,285.149994,285.850006,282.549988,284.950012,281.53125,10222816
2014-07-03 0:00:00,285.549988,291.850006,285.549988,290.799988,287.311035,18524606
2014-07-04 0:00:00,290.100006,292.100006,290.100006,290.850006,287.360443,16381800
2014-07-07 0:00:00,290.100006,291,288.649994,289.200012,285.730255,19956764
2014-07-08 0:00:00,290,290.5,282.847992,283.049988,279.654022,15432319
2014-07-09 0:00:00,283.600006,284.5,278.399994,279.5,276.146637,14429222
2014-07-10 0:00:00,279.100006,283.149994,277.200012,280.700012,277.332214,22208515
2014-07-11 0:00:00,281.75,283.899994,276.549988,278.100006,274.763428,13379369
2014-07-14 0:00:00,281.25,285.850006,280.149994,284.450012,281.037231,13508172
2014-07-15 0:00:00,283.649994,286.299988,281.649994,281.950012,278.56723,12520613
2014-07-16 0:00:00,282.450012,288.200012,282.231995,287.149994,283.704834,18537083
2014-07-17 0:00:00,287,288,284.549988,284.75,281.333618,13340157
2014-07-18 0:00:00,284,285.549988,281.799988,285,281.580658,15394134
2014-07-21 0:00:00,294.100006,295.200012,284.812012,288.649994,285.186829,49954029
2014-07-22 0:00:00,285,285.626007,276.665009,277.350006,274.02243,34084416
2014-07-23 0:00:00,277.549988,278.89801,273.649994,276,272.688599,24405807
2014-07-24 0:00:00,275.5,275.799988,272.850006,274.799988,271.502991,17189553
2014-07-25 0:00:00,273.899994,275.244995,269.450012,270.350006,267.106415,20410298
2014-07-28 0:00:00,270.399994,271.743988,266.953003,268.5,265.278595,20355369
2014-07-29 0:00:00,268.950012,271,267.299988,269.149994,265.920776,24056403
2014-07-30 0:00:00,269,269.554993,265.149994,265.899994,262.709808,17982140
2014-07-31 0:00:00,265.899994,266.5,257.700012,258,254.904572,26657045
2014-08-01 0:00:00,258,258.46701,251.850006,253.600006,250.557373,34272111
2014-08-04 0:00:00,253.350006,255.192993,249.964996,250.699997,247.692154,22136656
2014-08-05 0:00:00,252.199997,254.199997,249.75,251.100006,248.087372,29401864
2014-08-06 0:00:00,250,250.100006,244.600006,245.550003,242.603958,35180317
2014-08-07 0:00:00,245,247.582001,243.184998,243.800003,240.874939,25799195
2014-08-08 0:00:00,242,248.75,241.300003,247,244.036545,25636199
2014-08-11 0:00:00,248.75,249.649994,241.332993,246.300003,243.344955,16835986
2014-08-12 0:00:00,245.75,246.138,243.050003,243.350006,240.430359,13315204
2014-08-13 0:00:00,244.949997,245.770004,242.817001,244.149994,241.220734,12676826
2014-08-14 0:00:00,243.899994,245.662003,242.113998,245.199997,242.258133,11744267
2014-08-15 0:00:00,246.350006,250.304001,245.798996,248,245.024551,20796189
2014-08-18 0:00:00,249.850006,249.850006,243.449997,247.949997,244.975143,16295976
2014-08-19 0:00:00,249.149994,250,247.75,248.5,245.518555,14446910
2014-08-20 0:00:00,249.350006,250.25,246,246.899994,243.937744,9931065
2014-08-21 0:00:00,247.25,247.300003,244.899994,245.5,242.55455,14957487
2014-08-22 0:00:00,245.800003,248.809998,245.600006,248,245.024551,15848196
2014-08-26 0:00:00,248,252.25,248,252.100006,249.075363,30498190
2014-08-27 0:00:00,253,253.699997,248.449997,249.300003,246.30896,23888012
2014-08-28 0:00:00,248.100006,248.5,245.399994,246.300003,243.344955,17826536
2014-08-29 0:00:00,227,236.949997,222,229.949997,227.191101,130449361
2014-09-01 0:00:00,229.149994,230.100006,224.910995,225.550003,222.843903,32282130
2014-09-02 0:00:00,225.5,231.5,225.25,230.899994,228.1297,32957396
2014-09-03 0:00:00,234,234,229.570007,232.600006,229.809326,22705107
2014-09-04 0:00:00,232.850006,233.350006,227.395996,229.449997,226.697098,23365014
2014-09-05 0:00:00,229.699997,230.850006,219.970993,228.5,225.758514,15311693
2014-09-08 0:00:00,229.75,232.899994,222.477005,232.899994,230.105713,39156249
2014-09-09 0:00:00,232.399994,235,225.320007,233.149994,230.352722,20449422
2014-09-10 0:00:00,231.850006,234.149994,226.119995,231.899994,229.117706,18082173
2014-09-11 0:00:00,233.25,235.800003,228.835999,230.199997,227.438095,25665936
2014-09-12 0:00:00,230.25,232,228.050003,228.649994,225.906693,14807436
2014-09-15 0:00:00,228.5,229,226.75,228.5,225.758514,19698100
2014-09-16 0:00:00,227.949997,228.800003,224.600006,225.149994,222.4487,20251043
2014-09-17 0:00:00,226.75,227.75,224.75,224.75,222.053497,21642720
2014-09-18 0:00:00,225.5,227.899994,224.399994,227.350006,224.622314,21851305
2014-09-19 0:00:00,229.600006,230.638,228.550003,229.600006,226.845322,49245115
2014-09-22 0:00:00,204,214.181,199.899994,203,200.564453,127428171
2014-09-23 0:00:00,199.5,201.061005,191,194.5,192.166428,99395397
2014-09-24 0:00:00,195,196,192.399994,194.899994,192.56163,116548805
2014-09-25 0:00:00,195.5,198,192.009003,192.5,190.190414,54327401
2014-09-26 0:00:00,193.149994,194.139999,190.600006,191.550003,189.251831,41294672
2014-09-29 0:00:00,191.5,192.199997,186.522003,187.800003,185.546829,32584318
2014-09-30 0:00:00,188.449997,188.649994,185.115997,186.199997,183.966003,45080962
2014-10-01 0:00:00,186.600006,186.850006,177.75,180.199997,178.03801,59943600
2014-10-02 0:00:00,181.100006,183.697998,178.199997,178.199997,176.061996,46484848
2014-10-03 0:00:00,179.649994,181,170.149994,172.149994,170.084579,73370452
2014-10-06 0:00:00,169.350006,177.320007,168,176.75,174.629395,52524185
2014-10-07 0:00:00,177.550003,185.223007,177.149994,182.600006,180.40921,71402106
2014-10-08 0:00:00,189,191.050003,183.75,185.100006,182.879227,68296423
2014-10-09 0:00:00,187,187.949997,185.100006,186.699997,184.460007,39520514
2014-10-10 0:00:00,185.699997,188.792999,184.149994,185.25,183.02742,40799835
2014-10-13 0:00:00,184,185.100006,179.949997,180.600006,178.433212,38434685
2014-10-14 0:00:00,179.350006,180.5,176.449997,179.800003,177.642807,28711497
2014-10-15 0:00:00,180.600006,181.300003,174.649994,174.899994,172.80159,41232080
2014-10-16 0:00:00,176,177.399994,170.649994,172,169.936386,50923114
2014-10-17 0:00:00,172.800003,175.210007,170.559998,174.550003,172.45578,39177414
2014-10-20 0:00:00,178,180.25,177.100006,179.300003,177.148804,43336385
2014-10-21 0:00:00,179.600006,185.899994,178.449997,185.899994,183.669617,40421795
2014-10-22 0:00:00,186.5,187,181.5,183,180.804413,30216443
2014-10-23 0:00:00,178.5,178.539993,166.100006,171,168.94838,91287423
2014-10-24 0:00:00,170.5,171.449997,164,168.75,166.725372,44608401
2014-10-27 0:00:00,170.5,170.990997,166.235001,169.100006,167.071182,28290865
2014-10-28 0:00:00,170.100006,171.449997,168.414001,169.800003,167.762772,22075518
2014-10-29 0:00:00,171,175.100006,171,173.350006,171.270203,29668241
2014-10-30 0:00:00,173.649994,173.649994,170.800003,173.300003,172.374252,28949263
2014-10-31 0:00:00,175.25,175.850006,170.835999,173.600006,172.672653,27433395
2014-11-03 0:00:00,173.350006,177.169998,173,173.75,172.821854,23624712
2014-11-04 0:00:00,173,174.205994,171.199997,171.850006,170.932007,18400715
2014-11-05 0:00:00,173.149994,176.5,172.199997,175.75,174.811157,29503619
2014-11-06 0:00:00,175.649994,183.899994,175.149994,181.5,180.530441,49044715
2014-11-07 0:00:00,182.199997,189.576004,181.475006,184.449997,183.464691,44768751
2014-11-10 0:00:00,188.5,193.75,184.733994,192.899994,191.869537,48338442
2014-11-11 0:00:00,193.300003,195.149994,189.539001,194.949997,193.9086,28924028
2014-11-12 0:00:00,195.449997,196.384995,187.5,191.449997,190.427292,44263020
2014-11-13 0:00:00,191.100006,196.100006,188.449997,191.149994,190.128891,27570358
2014-11-14 0:00:00,195,197.949997,192.600006,195,193.958328,41602665
2014-11-17 0:00:00,192.5,193.25,190.050003,192.699997,191.670609,22895019
2014-11-18 0:00:00,192.649994,194.714005,191.5,192.699997,191.670609,22098986
2014-11-19 0:00:00,194.949997,197.449997,193.199997,194.100006,193.063141,35349119
2014-11-20 0:00:00,194.399994,195.399994,189.800003,192.899994,191.869537,28720524
2014-11-21 0:00:00,193.149994,195.949997,191.649994,194.399994,193.361526,33562730
2014-11-24 0:00:00,194.5,195.850006,192.100006,193.399994,192.366867,18407285
2014-11-25 0:00:00,193.399994,194.199997,187.600006,188.149994,187.144913,34678105
2014-11-26 0:00:00,187.449997,190.600006,186.350006,187.199997,186.199997,22820182
2014-11-27 0:00:00,187.399994,187.449997,184.326004,185.649994,184.658279,14269517
2014-11-28 0:00:00,185.949997,187.699997,180.600006,186.449997,185.453995,26262402
2014-12-01 0:00:00,185.699997,186.449997,182.690002,183.800003,182.818161,17641645
2014-12-02 0:00:00,183.699997,188.25,183.699997,187.300003,186.299469,24994637
2014-12-03 0:00:00,186.949997,189.399994,186.300003,188.5,187.493057,20761294
2014-12-04 0:00:00,188.25,188.75,185.199997,186.050003,185.056152,22390605
2014-12-05 0:00:00,187,190.649994,184.949997,189.600006,188.587189,23951366
2014-12-08 0:00:00,188.199997,189.804001,186.75,187.300003,186.299469,13682609
2014-12-09 0:00:00,163.550003,175,155.399994,174.899994,173.965698,140723611
2014-12-10 0:00:00,172.25,179.899994,171.348999,175.699997,174.761429,50348831
2014-12-11 0:00:00,175.100006,177.699997,170.949997,171.300003,170.384933,39198540
2014-12-12 0:00:00,170,170.350006,165.600006,165.75,164.864578,32931504
2014-12-15 0:00:00,165,168.75,164.550003,164.800003,163.919662,31343413
2014-12-16 0:00:00,163,167.899994,162.100006,167.449997,166.555496,29872094
2014-12-17 0:00:00,165.350006,169.25,163.75,168.149994,167.251755,22711271
2014-12-18 0:00:00,170.050003,179.149994,169,175.800003,174.860901,40043575
2014-12-19 0:00:00,178.899994,186.5,175.649994,185.399994,184.409607,93368839
2014-12-22 0:00:00,185.449997,187.830002,178.800003,181,180.033112,33721635
2014-12-23 0:00:00,181.5,186.100006,181.199005,184.600006,183.613892,16910390
2014-12-24 0:00:00,182.800003,187.25,181.5,186,185.006409,43587835
2014-12-29 0:00:00,186,189.089996,184.699997,188.449997,187.443314,15520854
2014-12-30 0:00:00,188.449997,189.949997,185.699997,186.899994,185.901596,12117123
2014-12-31 0:00:00,189.600006,190.039993,186.350006,189,187.990387,6537184
2015-01-02 0:00:00,189,191.5,185.992996,188,186.995728,18333615
2015-01-05 0:00:00,187.350006,191.024002,181.149994,181.600006,180.629913,30561243
2015-01-06 0:00:00,182.699997,184.5,177.5,178.800003,177.844879,26787260
2015-01-07 0:00:00,180.649994,184.800003,180.490005,182,181.027771,31141207
2015-01-08 0:00:00,190.25,212.800003,188.914993,209.25,208.132217,151707125
2015-01-09 0:00:00,206,209.080002,202.399994,204.100006,203.00972,62853891
2015-01-12 0:00:00,204.199997,206.149994,201.550003,204.550003,203.457321,26938263
2015-01-13 0:00:00,203.75,214.699997,203.5,212,210.867523,34594226
2015-01-14 0:00:00,214,219.25,213.300003,214,212.856842,51936980
2015-01-15 0:00:00,215.050003,219.302994,208.785995,219.25,218.078796,32584171
2015-01-16 0:00:00,218.5,222.600006,216.5,219.050003,217.879868,31554163
2015-01-19 0:00:00,223.350006,227.149994,220.600006,221.399994,220.2173,36180212
2015-01-20 0:00:00,223.25,227.360001,220.300003,224.899994,223.698608,40018757
2015-01-21 0:00:00,225.75,229.050003,223.220001,229,227.776703,34643547
2015-01-22 0:00:00,230,238.100006,225.25,235.850006,234.590118,63279897
2015-01-23 0:00:00,237.800003,241.850006,232.800003,235.300003,234.04306,51008830
2015-01-26 0:00:00,236.550003,238.649994,226.860001,230,228.771362,36124220
2015-01-27 0:00:00,230,232.516998,227.699997,230.25,229.020035,25555108
2015-01-28 0:00:00,232.850006,234.899994,220.914993,227.649994,226.433914,22294714
2015-01-29 0:00:00,225.050003,227.149994,223.550003,227,225.787384,22502087
2015-01-30 0:00:00,226.5,226.899994,223.600006,224.75,223.549408,26929427
2015-02-02 0:00:00,227,228.449997,224.050003,228.350006,227.130188,27193918
2015-02-03 0:00:00,230,234.800003,228.888,232.050003,230.810425,36674802
2015-02-04 0:00:00,232.149994,233.649994,226.75,229.550003,228.323776,30575900
2015-02-05 0:00:00,227.5,233.919998,225.350006,232.399994,231.158539,26246990
2015-02-06 0:00:00,231.649994,233.199997,227.964005,228.699997,227.478302,18773876
2015-02-09 0:00:00,226.550003,233.5,226.449997,233.399994,232.153198,30066673
2015-02-10 0:00:00,234,241.850006,230.350006,241.850006,240.558075,47431699
2015-02-11 0:00:00,241.949997,242.399994,238.5,242.399994,241.105118,23266757
2015-02-12 0:00:00,241.899994,246.160004,241.050003,243.5,242.199249,25234367
2015-02-13 0:00:00,242.5,243.600006,239.5,241.600006,240.309402,23929710
2015-02-16 0:00:00,241.199997,243.550003,240.899994,242.399994,241.105118,10923397
2015-02-17 0:00:00,243.800003,246.800003,242.449997,244.350006,243.044708,24286519
2015-02-18 0:00:00,244.050003,247.600006,242.25,242.699997,241.403519,26851869
2015-02-19 0:00:00,242.949997,243.600006,238.649994,239.949997,238.668213,23162489
2015-02-20 0:00:00,237.800003,240.899994,237.800003,240.600006,239.314743,19400652
2015-02-23 0:00:00,241.949997,242.800003,238.149994,240.399994,239.115799,15219088
2015-02-24 0:00:00,241.5,241.626007,236.75,238.399994,237.126495,19998284
2015-02-25 0:00:00,238.550003,242.863007,238.332001,240.899994,239.613129,20908333
2015-02-26 0:00:00,240.649994,246.350006,240.100006,246,244.685898,25260788
2015-02-27 0:00:00,246,247.281998,244.449997,245.399994,244.089096,26779714
2015-03-02 0:00:00,244.949997,247,244.449997,246.699997,245.382156,18094113
2015-03-03 0:00:00,246.75,248.5,244.649994,244.949997,243.641495,19523564
2015-03-04 0:00:00,244.850006,246.149994,241.75,243.25,241.950592,18857331
2015-03-05 0:00:00,242.949997,247.199997,242.050003,245.949997,244.636154,19973855
2015-03-06 0:00:00,245,246.199997,242.399994,242.5,241.20459,16454715
2015-03-09 0:00:00,241.25,241.940002,239.25,240.300003,239.016342,16863460
2015-03-10 0:00:00,239.550003,243.300003,234.899994,235.300003,234.04306,26656041
2015-03-11 0:00:00,235.949997,236.462006,233.75,235.449997,234.192245,17773551
2015-03-12 0:00:00,235.649994,238.600006,235.449997,235.75,234.490646,15277800
2015-03-13 0:00:00,236.050003,237.699997,231.399994,232.850006,231.60614,20174059
2015-03-16 0:00:00,233.550003,242.449997,233.184998,241.350006,240.060745,25181357
2015-03-17 0:00:00,241.100006,241.399994,233.479996,237.149994,235.883163,22951808
2015-03-18 0:00:00,237.800003,242.100006,236.835007,241.800003,240.508331,17885430
2015-03-19 0:00:00,242.899994,245.100006,242,242.800003,241.502991,24188843
2015-03-20 0:00:00,244.949997,245.699997,243.5,244.850006,243.542038,26330020
2015-03-23 0:00:00,245.649994,246.600006,244,246.600006,245.2827,16825705
2015-03-24 0:00:00,244.699997,246.716003,242.149994,243.649994,242.34845,18786717
2015-03-25 0:00:00,242.649994,245,238.550003,239.350006,238.071426,16963401
2015-03-26 0:00:00,237.399994,239.199997,236.255005,238,236.728638,18764494
2015-03-27 0:00:00,237.800003,238.449997,234.800003,238.25,236.977295,15631870
2015-03-30 0:00:00,240.949997,241.75,238.617004,240.949997,239.662872,19951926
2015-03-31 0:00:00,241.850006,245.300003,240.850006,241.850006,240.558075,30404382
2015-04-01 0:00:00,240.600006,245.332993,239.940002,243.25,241.950592,21802874
2015-04-02 0:00:00,242.75,244.550003,241.582001,244.300003,242.99498,20514959
2015-04-07 0:00:00,244.300003,252.518005,244.300003,251,249.65918,25719732
2015-04-08 0:00:00,250.100006,252.300003,246.149994,246.850006,245.531357,26916954
2015-04-09 0:00:00,247.75,249.149994,245.100006,246.800003,245.481628,22195218
2015-04-10 0:00:00,248,251.550003,246.550003,251,249.65918,21038892
2015-04-13 0:00:00,248.899994,248.899994,243.350006,244.300003,242.99498,11703294
2015-04-14 0:00:00,243.100006,245.25,241.800003,244.199997,242.895508,22603270
2015-04-15 0:00:00,243.800003,248.550003,241.899994,246.899994,245.581085,24400703
2015-04-16 0:00:00,248.350006,248.600006,240.399994,241.050003,239.762344,23641438
2015-04-17 0:00:00,240.5,241.75,234.699997,236.699997,235.435577,23042173
2015-04-20 0:00:00,235,240,231.5,235,233.744659,28180275
2015-04-21 0:00:00,236.699997,238.949997,233.350006,234.75,233.495987,25901196
2015-04-22 0:00:00,234.699997,240.449997,220.199997,222.649994,221.460617,82708061
2015-04-23 0:00:00,224,228.110992,222.595001,225.300003,224.096481,45552420
2015-04-24 0:00:00,224.149994,225.949997,222.399994,224.800003,223.599152,35507529
2015-04-27 0:00:00,224.600006,226.554001,215.5,220.800003,219.620514,49601572
2015-04-28 0:00:00,221.449997,222.600006,217.199997,220.050003,218.874527,29250621
2015-04-29 0:00:00,220,222.550003,218.550003,220.449997,219.272385,28326312
2015-04-30 0:00:00,221.800003,224.350006,220.050003,221,219.819443,30276994
2015-05-01 0:00:00,218.75,225.949997,218.75,225,223.79808,27222392
2015-05-05 0:00:00,225,228.363007,225,226.899994,225.687927,15904263
2015-05-06 0:00:00,225.949997,227.350006,224.712997,226.800003,225.58847,27999892
2015-05-07 0:00:00,227,227.130005,223.699997,223.699997,222.50502,28518974
2015-05-08 0:00:00,227.100006,230.699997,226.300003,228.850006,227.627518,21845992
2015-05-11 0:00:00,229.5,235.350006,229.350006,232.5,231.258011,19185928
2015-05-12 0:00:00,230.800003,232.399994,226.25,227.449997,226.234985,19439316
2015-05-13 0:00:00,227.949997,229.850006,223.600006,224.699997,223.49968,23240556
2015-05-14 0:00:00,223.550003,227.850006,222.929993,227.399994,226.185242,17646954
2015-05-15 0:00:00,227.600006,229,223.850006,224.5,223.300751,20638123
2015-05-18 0:00:00,224.800003,227.199997,220.699997,222.100006,220.913574,19649917
2015-05-19 0:00:00,222.899994,223.25,220,221.149994,219.968628,18998225
2015-05-20 0:00:00,221,221.75,219.25,220.5,219.322113,17870649
2015-05-21 0:00:00,221.800003,224.350006,219.100006,220.699997,219.521042,16406695
2015-05-22 0:00:00,220.050003,221.550003,218.550003,219.399994,218.227982,12174522
2015-05-26 0:00:00,219.399994,220.649994,214.100006,215.649994,214.498016,20334097
2015-05-27 0:00:00,214.649994,218.550003,214.649994,217,215.840805,18249553
2015-05-28 0:00:00,215.649994,218.25,214.686996,216.399994,215.244003,13568402
2015-05-29 0:00:00,216.649994,217.5,212.050003,212.600006,211.464325,34084487
2015-06-01 0:00:00,212.5,214.550003,209.199997,209.800003,208.679276,23123787
2015-06-02 0:00:00,209.350006,209.75,204.449997,207.449997,206.341827,34401554
2015-06-03 0:00:00,206.449997,212.300003,206.449997,210.399994,209.276062,20455170
2015-06-04 0:00:00,210.399994,212.550003,206.649994,208.649994,207.535416,30190870
2015-06-05 0:00:00,207.75,209,205.550003,205.800003,204.700638,15784733
2015-06-08 0:00:00,205.100006,205.880005,202.018997,203.5,202.412933,14683576
2015-06-09 0:00:00,203.899994,205.050003,200.768997,202.100006,201.020416,26314347
2015-06-10 0:00:00,202.199997,212.149994,201.729996,211.449997,210.32045,40459445
2015-06-11 0:00:00,210.5,217.050003,210.5,215.649994,214.498016,36191788
2015-06-12 0:00:00,214.399994,214.949997,212.25,213.699997,212.558441,21003267
2015-06-15 0:00:00,211.800003,214.899994,211.800003,214,212.856842,19404004
2015-06-16 0:00:00,213.5,214.949997,210.25,211.5,210.370193,36439288
2015-06-17 0:00:00,211,211.100006,207.800003,208.050003,206.938629,20253288
2015-06-18 0:00:00,209.050003,211.050003,206.699997,209.5,208.380875,40963958
2015-06-19 0:00:00,210,216.100006,209.199997,210.850006,209.723663,31116358
2015-06-22 0:00:00,214.399994,214.699997,210.399994,214,212.856842,16117808
2015-06-23 0:00:00,216.149994,217.169006,212.699997,216.199997,215.045074,16573971
2015-06-24 0:00:00,217.600006,220.600006,215.350006,215.800003,214.647217,35358180
2015-06-25 0:00:00,214,219.699997,213.449997,217.75,216.586807,28008669
2015-06-26 0:00:00,224.300003,227.350006,221.350006,223.649994,222.455276,44203410
2015-06-29 0:00:00,220,221.149994,218.399994,218.75,217.581467,24284357
2015-06-30 0:00:00,217.5,217.800003,212,212.550003,211.414581,30985374
2015-07-01 0:00:00,213.800003,214.199997,209.300003,209.600006,208.480347,27151940
2015-07-02 0:00:00,209.949997,211.529999,208.304001,209.550003,208.430603,19045202
2015-07-03 0:00:00,208.850006,211.149994,206,207.399994,206.292084,13095387
2015-07-06 0:00:00,205.300003,207.699997,204.600006,205.25,204.15358,14991041
2015-07-07 0:00:00,207.100006,207.100006,199.600006,200.649994,199.57814,20329726
2015-07-08 0:00:00,203.149994,205.863007,201.5,201.899994,200.821472,25480196
2015-07-09 0:00:00,202.100006,206,200.5,206,204.899567,33909697
2015-07-10 0:00:00,208.699997,209,206.449997,207.75,206.640228,19133480
2015-07-13 0:00:00,209.800003,213.050003,208.800003,212.5,211.364853,15624678
2015-07-14 0:00:00,213.350006,216.600006,212.550003,216.449997,215.293747,18216977
2015-07-15 0:00:00,216.550003,218.75,214.699997,217.100006,215.940277,23884375
2015-07-16 0:00:00,217.699997,218.649994,216.850006,217.649994,216.487335,17770269
2015-07-17 0:00:00,218.050003,220.119003,217.255997,218.050003,216.885208,13450314
2015-07-20 0:00:00,217.25,219.75,216.850006,218.600006,217.432266,8830929
2015-07-21 0:00:00,218.5,222.300003,217.550003,221.600006,220.416245,20743531
2015-07-22 0:00:00,220.449997,221.850006,218.5,219,217.830124,24069454
2015-07-23 0:00:00,220.350006,222.199997,218.386002,219.600006,218.426926,11889725
2015-07-24 0:00:00,218.800003,220.550003,218.25,219,217.830124,20221658
2015-07-27 0:00:00,217.699997,218.720993,213.050003,214.300003,213.155243,15451925
2015-07-28 0:00:00,215.25,215.350006,211.649994,212.399994,211.265381,21805205
2015-07-29 0:00:00,213.100006,214.449997,211.5,213,211.862183,14332911
2015-07-30 0:00:00,213.399994,215.337006,212.792999,214.649994,213.503357,16010999
2015-07-31 0:00:00,215.75,215.75,211.119003,215.699997,214.547745,19347843
2015-08-03 0:00:00,214.699997,215.649994,210.800003,211.600006,210.469666,17456320
2015-08-04 0:00:00,210.600006,213.199997,209.75,210.699997,209.574463,14296048
2015-08-05 0:00:00,210.550003,218,210.550003,215.399994,214.249344,26373567
2015-08-06 0:00:00,214.949997,221.899994,214.397995,218.899994,217.730652,25790023
2015-08-07 0:00:00,218.850006,219.367004,215.800003,215.800003,214.647217,17197076
2015-08-10 0:00:00,216.550003,216.949997,210.949997,212.75,211.61351,20547913
2015-08-11 0:00:00,212.149994,212.983994,209.550003,209.550003,208.430603,16789782
2015-08-12 0:00:00,205.649994,210.266998,202.800003,204.149994,203.059448,38946361
2015-08-13 0:00:00,205.949997,207.25,202,202,200.920944,28892823
2015-08-14 0:00:00,202.449997,205.5,201.850006,202.649994,201.567459,28427422
2015-08-17 0:00:00,204.25,204.350006,201.199997,202.199997,201.119873,9455442
2015-08-18 0:00:00,201.649994,202.899994,198.300003,198.600006,197.539108,22125013
2015-08-19 0:00:00,198.25,198.649994,194.600006,194.75,193.709671,28208576
2015-08-20 0:00:00,193.600006,195.899994,191,193.699997,192.665268,21736269
2015-08-21 0:00:00,191.800003,194.75,188.199997,188.199997,187.194656,25642836
2015-08-24 0:00:00,182.600006,185.949997,175.850006,181.100006,180.132584,49282618
2015-08-25 0:00:00,183,188.199997,183,186,185.006409,34432306
2015-08-26 0:00:00,184.600006,189.199997,182.5,186.199997,185.205338,26348688
2015-08-27 0:00:00,190.600006,192.5,186.699997,191.449997,190.427292,31360708
2015-08-28 0:00:00,191.399994,191.962997,187.524994,191.350006,190.327835,25776009
2015-09-01 0:00:00,191.350006,191.350006,183.5,185.399994,184.409607,32029296
2015-09-02 0:00:00,185.399994,188.199997,184.600006,184.850006,183.862564,29703502
2015-09-03 0:00:00,186.800003,190.800003,186.600006,189.550003,188.537445,36099517
2015-09-04 0:00:00,188,188.559998,185.949997,185.949997,184.95668,20878875
2015-09-07 0:00:00,189.600006,189.600006,183.837997,185.949997,184.95668,23882812
2015-09-08 0:00:00,187.5,190.850006,186.399994,189,187.990387,22577428
2015-09-09 0:00:00,192.25,193.399994,190.787994,191.199997,190.178635,15741742
2015-09-10 0:00:00,189.399994,189.949997,184.850006,185.550003,184.558823,24898055
2015-09-11 0:00:00,185.850006,186.026001,180.800003,181.350006,180.381256,16180220
2015-09-14 0:00:00,181.850006,184,178.449997,178.449997,177.496735,20889410
2015-09-15 0:00:00,178.300003,179.462997,172.899994,177,176.054489,27474385
2015-09-16 0:00:00,178.300003,180.270004,177.649994,179.199997,178.242737,22405114
2015-09-17 0:00:00,180,180.899994,175.75,176.25,175.308487,17305054
2015-09-18 0:00:00,176.050003,176.520004,172.100006,174.649994,173.717026,23730207
2015-09-21 0:00:00,173.75,178.699997,173.623993,176.5,175.557159,11674080
2015-09-22 0:00:00,176,176.75,168.199997,168.199997,167.301498,33428828
2015-09-23 0:00:00,168.100006,170.509995,166.987,168.550003,167.649628,18786272
2015-09-24 0:00:00,168.449997,169.149994,164.100006,165.149994,164.267776,27932880
2015-09-25 0:00:00,167.449997,169.550003,166,167.449997,166.555496,26217341
2015-09-28 0:00:00,167.899994,168.199997,165.050003,166.199997,165.31218,17389386
2015-09-29 0:00:00,164.350006,173.449997,164.050003,171.300003,170.384933,30951273
2015-09-30 0:00:00,174.949997,184.699997,174.699997,183.199997,182.221359,37673118
2015-10-01 0:00:00,180.850006,182.699997,177.649994,178.25,177.297806,25462925
2015-10-02 0:00:00,179.75,181.899994,176.649994,179.850006,178.889267,17349738
2015-10-05 0:00:00,183.899994,187.199997,182,186.550003,185.553467,26401228
2015-10-06 0:00:00,185.550003,193.5,185.550003,192.149994,191.12355,28597505
2015-10-07 0:00:00,192.199997,198.050003,184.839005,197,195.947647,41036564
2015-10-08 0:00:00,194.399994,202.949997,194.399994,201.75,200.672272,48467341
2015-10-09 0:00:00,203.600006,205.899994,201.899994,204.800003,203.705978,31135212
2015-10-12 0:00:00,203.699997,204.850006,201.300003,201.850006,200.771744,20255329
2015-10-13 0:00:00,202.850006,203.199997,193.300003,194.050003,193.013412,24414906
2015-10-14 0:00:00,193.25,195.699997,192.199997,192.449997,191.421951,16297423
2015-10-15 0:00:00,193.300003,194.350006,190.468994,192.149994,191.12355,19569232
2015-10-16 0:00:00,192.699997,197.75,191.949997,196.949997,195.897919,38450195
2015-10-19 0:00:00,196.399994,198.25,192.949997,193.600006,192.565811,21570422
2015-10-20 0:00:00,193.199997,195,188.649994,189.100006,188.089859,27972975
2015-10-21 0:00:00,189.100006,190.199997,186.050003,188.149994,187.144913,21081047
2015-10-22 0:00:00,187.300003,189.940002,187.300003,188.25,187.244385,26197931
2015-10-23 0:00:00,189.350006,191.899994,188.600006,190.600006,189.581848,19655186
2015-10-26 0:00:00,190.199997,193.600006,188.949997,190.550003,189.532104,11150111
2015-10-27 0:00:00,189.800003,190.449997,185.199997,185.199997,184.210678,15904781
2015-10-28 0:00:00,185.75,189.800003,184.449997,188.75,187.741714,14645373
2015-10-29 0:00:00,188.800003,189.740005,184.899994,185.649994,184.658279,15102459
2015-10-30 0:00:00,186.550003,188.050003,181.949997,183.300003,182.320831,17862256
2015-11-02 0:00:00,182,184.800003,182,183.949997,182.967361,12519304
2015-11-03 0:00:00,183.5,185.800003,182.899994,184.649994,183.66362,10343198
2015-11-04 0:00:00,184.899994,190.059998,184.550003,188.699997,187.691986,18617445
2015-11-05 0:00:00,188.800003,189.039993,183.899994,184,183.01709,19198072
2015-11-06 0:00:00,184.800003,185.25,181.494003,182.899994,181.922958,13544468
2015-11-09 0:00:00,182.5,184.600006,178.399994,178.550003,177.596207,17392691
2015-11-10 0:00:00,176.5,177,172.050003,175.25,174.313828,30314718
2015-11-11 0:00:00,176,177.600006,171.927994,174,173.070511,29315940
2015-11-12 0:00:00,173.350006,173.850006,171.100006,171.699997,170.782791,23241353
2015-11-13 0:00:00,171.050003,171.399994,166.949997,167,166.10791,26319715
2015-11-16 0:00:00,165.300003,167.75,164.949997,166.199997,165.31218,18588835
2015-11-17 0:00:00,170.100006,173.5,168.050003,169,168.097214,37865238
2015-11-18 0:00:00,168.100006,172.070999,166.315994,170.899994,169.987061,22802584
2015-11-19 0:00:00,171.649994,174.699997,171.100006,172,171.081192,23749886
2015-11-20 0:00:00,172.649994,173.923996,171.25,171.449997,170.534134,25352693
2015-11-23 0:00:00,170.550003,171.300003,164.350006,165.100006,164.218063,31670627
2015-11-24 0:00:00,164.550003,165.800003,163.300003,164.399994,163.52179,30597068
2015-11-25 0:00:00,165,168.75,164.5,168.5,167.599899,24264578
2015-11-26 0:00:00,169.100006,172.199997,168.610001,170,169.091873,15395618
2015-11-27 0:00:00,169.050003,170.850006,167.75,169.149994,168.246414,16815035
2015-11-30 0:00:00,169.149994,169.850006,166.699997,167.199997,166.306839,32771362
2015-12-01 0:00:00,167.600006,169.100006,166.100006,167.600006,166.704712,19370246
2015-12-02 0:00:00,168.149994,169,166.550003,167.300003,166.406311,14902701
2015-12-03 0:00:00,166.75,170.800003,163.899994,163.899994,163.02446,25405144
2015-12-04 0:00:00,163.5,164.600006,161.050003,162.600006,161.731415,24550339
2015-12-07 0:00:00,162.600006,162.800003,156.649994,157,156.161331,25620829
2015-12-08 0:00:00,156.5,163.199997,155,156.550003,155.71373,38330520
2015-12-09 0:00:00,156.449997,157.600006,153,153,152.182693,29381532
2015-12-10 0:00:00,152.100006,152.567001,149.850006,150.550003,149.745789,33640388
2015-12-11 0:00:00,149.899994,150.649994,143.339996,144.350006,143.578903,32326712
2015-12-14 0:00:00,145.5,149.570007,142.949997,143.050003,142.285843,30588599
2015-12-15 0:00:00,144.850006,149.75,143.098007,149.300003,148.502457,29104186
2015-12-16 0:00:00,150.199997,151.899994,144.850006,148,147.209396,25146196
2015-12-17 0:00:00,150.850006,153.035995,144.699997,144.850006,144.076233,32971199
2015-12-18 0:00:00,143.550003,147.949997,142.600006,143.449997,142.683701,37998368
2015-12-21 0:00:00,141.100006,147.363998,141,145.300003,144.523834,17967192
2015-12-22 0:00:00,146.100006,147.091995,142.649994,144.850006,144.076233,13519080
2015-12-23 0:00:00,146.149994,153.100006,145.649994,152.899994,152.083221,20642962
2015-12-24 0:00:00,151.75,153.149994,149.949997,150.899994,150.093903,3130767
2015-12-29 0:00:00,150.899994,151.369995,148.350006,151.149994,150.342575,17705436
2015-12-30 0:00:00,151.199997,151.399994,149.927994,150.550003,149.745789,10814685
2015-12-31 0:00:00,150.399994,151.550003,147.199997,149.5,148.701385,6738937
2016-01-04 0:00:00,149.5,149.5,141.649994,142.25,141.490112,25646989
2016-01-05 0:00:00,146.800003,150,143.5,144.399994,143.628632,33235084
2016-01-06 0:00:00,144.100006,144.802002,138.649994,141.550003,140.793854,29127397
2016-01-07 0:00:00,138.600006,139.899994,137,139.199997,138.456406,32085615
2016-01-08 0:00:00,142,149.220001,142,146.899994,146.115265,37742486
2016-01-11 0:00:00,147.550003,148.699997,145.449997,145.449997,144.673019,23372923
2016-01-12 0:00:00,151.75,156.123001,151.699997,155.199997,154.370941,43323227
2016-01-13 0:00:00,156.100006,161.949997,154,158.300003,157.454376,41022500
2016-01-14 0:00:00,170,170.75,164.042007,168,167.10257,62893616
2016-01-15 0:00:00,168.5,169.300003,160.350006,164.449997,163.571518,42723387
2016-01-18 0:00:00,163.550003,165.850006,160,161.550003,160.687027,23564645
2016-01-19 0:00:00,163.800003,165.699997,156.602997,159.100006,158.250107,45052637
2016-01-20 0:00:00,157.449997,158.100006,150.949997,152.399994,151.585892,64879966
2016-01-21 0:00:00,152.649994,156.800003,150.699997,156.050003,155.2164,27978043
2016-01-22 0:00:00,158.5,161.75,154.649994,160.550003,159.692368,35802912
2016-01-25 0:00:00,161.100006,161.699997,154.850006,155.699997,154.868271,22003025
2016-01-26 0:00:00,154.100006,161.199997,152.949997,160.350006,159.493439,27375850
2016-01-27 0:00:00,159.550003,161.550003,156.5,161,160.139954,23451042
2016-01-28 0:00:00,160.199997,167.5,159,166.199997,165.31218,35242398
2016-01-29 0:00:00,168.25,173.399994,165.25,173.399994,172.473709,53731765
2016-02-01 0:00:00,173.850006,174.649994,168.050003,171.75,170.832535,37377543
2016-02-02 0:00:00,170.800003,171.699997,166,171.100006,170.186005,30812083
2016-02-03 0:00:00,170.350006,171.25,166.315994,168.300003,167.40097,24129284
2016-02-04 0:00:00,170.350006,171.399994,166.399994,169.899994,168.992401,22977258
2016-02-05 0:00:00,171,176.050003,170.699997,174.600006,173.667313,56810222
2016-02-08 0:00:00,176,178.199997,169.800003,172.600006,171.677994,31412223
2016-02-09 0:00:00,171.699997,177.699997,170.662003,173.800003,172.871582,36394848
2016-02-10 0:00:00,175.100006,183.5,174.199997,181.300003,180.331512,48711288
2016-02-11 0:00:00,179.899994,181.729996,177.399994,179.600006,178.64061,50407664
2016-02-12 0:00:00,180.199997,181.516998,173.199997,177,176.054489,33316199
2016-02-15 0:00:00,181,182.75,177.800003,178.800003,177.844879,24362226
2016-02-16 0:00:00,179.5,180.850006,176.509995,180.550003,179.585526,25806390
2016-02-17 0:00:00,180.850006,188,180.399994,186.850006,185.851868,44451720
2016-02-18 0:00:00,186.649994,189.945007,185.25,186.75,185.752396,24569835
2016-02-19 0:00:00,186,187.75,180.5,183.300003,182.320831,22822460
2016-02-22 0:00:00,184.350006,187.5,182.949997,184.649994,183.66362,15617403
2016-02-23 0:00:00,184.649994,184.649994,179.199997,179.550003,178.590866,21681522
2016-02-24 0:00:00,179.25,180.274002,174.100006,176.699997,175.756088,17719208
2016-02-25 0:00:00,179.550003,183.350006,178.149994,180.550003,179.585526,19847977
2016-02-26 0:00:00,183.300003,185.570007,181.699997,184.149994,183.16629,19797951
2016-02-29 0:00:00,181.850006,182.050003,176.949997,180.399994,179.43631,31574145
2016-03-01 0:00:00,180,184.149994,178.300003,183.949997,182.967361,23429203
2016-03-02 0:00:00,185.100006,185.414993,179.574997,181.649994,180.679642,59838392
2016-03-03 0:00:00,181.399994,188.800003,180.850006,186.149994,185.155609,26889268
2016-03-04 0:00:00,186.449997,192.050003,186.449997,190.75,189.731033,24926421
2016-03-07 0:00:00,189.899994,191.899994,188.134003,191.800003,190.775436,16438325
2016-03-08 0:00:00,190.399994,198,189.149994,195.149994,194.107529,41431139
2016-03-09 0:00:00,195.149994,197.449997,193.949997,195.199997,194.157257,21834394
2016-03-10 0:00:00,195.399994,197.899994,187.550003,188.600006,187.592529,44161274
2016-03-11 0:00:00,190.5,194.899994,188.628006,192.199997,191.173279,18670146
2016-03-14 0:00:00,192.550003,194.449997,191,193.149994,192.11821,17709229
2016-03-15 0:00:00,192,193.199997,187.199005,190.25,189.233704,18828401
2016-03-16 0:00:00,191,191.139999,186.860001,190.649994,189.631561,19819665
2016-03-17 0:00:00,191.449997,194.449997,189.75,192.949997,191.919281,19173719
2016-03-18 0:00:00,194.100006,197,192.572998,194.850006,193.809143,30372573
2016-03-21 0:00:00,194.100006,198.699997,192.75,197.449997,196.395248,19110601
2016-03-22 0:00:00,196.800003,201.649994,194.617996,201.649994,200.5728,28030196
2016-03-23 0:00:00,201,201,196.600006,197.550003,196.49472,18547877
2016-03-24 0:00:00,195,195.699997,189.199997,189.800003,188.786118,22915321
2016-03-29 0:00:00,189.800003,193.699997,188.882004,189.399994,188.388245,23628331
2016-03-30 0:00:00,191.199997,194.649994,190.822998,193.75,192.715012,24484901
2016-03-31 0:00:00,193,193,190.699997,191.800003,190.775436,20145646
2016-04-01 0:00:00,190.199997,190.401993,185.850006,190,188.985046,25024475
2016-04-04 0:00:00,190.199997,193.25,188.75,190.899994,189.880234,14152552
2016-04-05 0:00:00,189.050003,189.600006,185.399994,187.649994,186.647583,27411314
2016-04-06 0:00:00,187.899994,191.550003,187.649994,191.449997,190.427292,15973240
2016-04-07 0:00:00,192.050003,194.850006,189.800003,191.300003,190.278107,23674743
2016-04-08 0:00:00,191.649994,192.699997,190.149994,190.550003,189.532104,15921167
2016-04-11 0:00:00,190.800003,195.399994,189.800003,193.5,192.466339,16791751
2016-04-12 0:00:00,193.899994,196.699997,190.281006,196.300003,195.251389,20950506
2016-04-13 0:00:00,187.699997,195,180,181,180.033112,93928481
2016-04-14 0:00:00,179.5,184.225998,177.623001,177.649994,176.701004,43507097
2016-04-15 0:00:00,179.5,180.800003,177.391006,179.550003,178.590866,24555869
2016-04-18 0:00:00,177.850006,181.324997,177.25,180.949997,179.983383,19610290
2016-04-19 0:00:00,180.850006,183.399994,179.5,181.800003,180.828842,20942061
2016-04-20 0:00:00,181.949997,182.679993,178.899994,182,181.027771,17635360
2016-04-21 0:00:00,182.25,186.25,181.399994,185,184.011749,29732934
2016-04-22 0:00:00,183.699997,190.399994,183.149994,186.600006,185.60321,19888652
2016-04-25 0:00:00,186.100006,187.550003,183.300003,184.75,183.763092,20728685
2016-04-26 0:00:00,185.350006,186.800003,183.449997,183.449997,182.470032,19007056
2016-04-27 0:00:00,181,181.199997,174.800003,174.800003,173.866241,46266364
2016-04-28 0:00:00,173.800003,175.380005,171.75,173.300003,172.374252,21830458
2016-04-29 0:00:00,172.100006,174.660004,171.479996,172.100006,171.180664,22425618
2016-05-03 0:00:00,172.100006,172.300003,168.5,169.25,168.345886,18697945
2016-05-04 0:00:00,169,169.149994,160.050003,160.050003,159.195038,30350949
2016-05-05 0:00:00,161.25,164.306,159.100006,159.899994,159.045822,24837689
2016-05-06 0:00:00,159.800003,161.5,158.699997,159.25,158.399307,27360882
2016-05-09 0:00:00,160.126007,161,156.800003,156.800003,155.962402,21193777
2016-05-10 0:00:00,157.949997,160.300003,157.449997,159.899994,159.045822,22433904
2016-05-11 0:00:00,159.399994,160.399994,158.050003,159.350006,158.498779,23647496
2016-05-12 0:00:00,158.25,160.800003,155.600006,155.600006,154.768814,29464842
2016-05-13 0:00:00,154.949997,162.949997,153.949997,161.649994,160.786484,36383800
2016-05-16 0:00:00,160.25,167.25,160,166.699997,165.809509,33296991
2016-05-17 0:00:00,167.5,171.559998,163.800003,164.5,163.621262,27047789
2016-05-18 0:00:00,164.300003,165.399994,162.970001,163,162.129272,26194918
2016-05-19 0:00:00,161.050003,164.25,159.899994,159.899994,159.045822,48667690
2016-05-20 0:00:00,161.149994,164.75,160.699997,164.300003,163.422333,48948964
2016-05-23 0:00:00,164.25,164.350006,160.100006,160.100006,159.244766,26772170
2016-05-24 0:00:00,160.5,171.949997,159.800003,171,170.086533,36995572
2016-05-25 0:00:00,170.5,171.699997,164.699997,167,166.10791,29734615
2016-05-26 0:00:00,167.449997,170.259995,166.649994,168.600006,167.699371,17434236
2016-05-27 0:00:00,168.149994,169.100006,165.800003,167.25,166.356567,13714571
2016-05-31 0:00:00,167.25,167.75,164.449997,165.100006,164.218063,23315917
2016-06-01 0:00:00,164.850006,167.449997,162.811005,166.949997,166.058167,24720679
2016-06-02 0:00:00,166.949997,170.899994,166.600006,169.5,168.594543,25443080
2016-06-03 0:00:00,169.600006,170.449997,161.979996,162,161.134613,31356148
2016-06-06 0:00:00,161.149994,163.100006,159.167999,159.199997,158.349564,32959805
2016-06-07 0:00:00,159.25,161.25,156.399994,156.800003,155.962402,33201991
2016-06-08 0:00:00,157.350006,160.649994,157.050003,160.550003,159.692368,33272490
2016-06-09 0:00:00,159.949997,162.350006,157.899994,157.899994,157.056503,22512512
2016-06-10 0:00:00,157.25,157.449997,151.550003,151.550003,150.740433,25058332
2016-06-13 0:00:00,149.699997,150.550003,148.205002,149.550003,148.751129,33690479
2016-06-14 0:00:00,148.100006,150.770004,147.350006,147.350006,146.562881,29229556
2016-06-15 0:00:00,149.5,153.149994,149.149994,151.199997,150.392303,32972041
2016-06-16 0:00:00,149.449997,153.5,148.600006,152.649994,151.834549,33024287
2016-06-17 0:00:00,153.100006,156.5,152.149994,154.350006,153.525482,34080848
2016-06-20 0:00:00,157.899994,163.300003,157.600006,161.449997,160.587555,25360368
2016-06-21 0:00:00,161.25,165,159.899994,164.149994,163.273117,30502100
2016-06-22 0:00:00,164.399994,169.026993,163.100006,166.449997,165.560837,21845701
2016-06-23 0:00:00,168.199997,173.75,166.100006,167.800003,166.903641,35835669
2016-06-24 0:00:00,145,169.850006,143.078995,162.300003,161.433014,61912862
2016-06-27 0:00:00,159.75,162.5,152.800003,153.649994,152.829208,37940571
2016-06-28 0:00:00,157.5,162.199997,156.5,160.449997,159.592896,23431847
2016-06-29 0:00:00,165,170.699997,162.350006,170.699997,169.788132,45380553
2016-06-30 0:00:00,169.699997,175.350006,167.350006,174.899994,173.965698,49647190
2016-07-01 0:00:00,175.800003,177.610001,172.503006,177.199997,176.253418,21345085
2016-07-04 0:00:00,178,178.449997,176.149994,178.449997,177.496735,18261581
2016-07-05 0:00:00,177.399994,178.699997,173.514008,175.75,174.811157,26058608
2016-07-06 0:00:00,172,172,158.5,161.600006,160.736755,55277882
2016-07-07 0:00:00,162.850006,164.149994,160.199997,160.199997,159.344223,28518897
2016-07-08 0:00:00,160.550003,164.050003,159.699997,163.199997,162.328201,28551490
2016-07-11 0:00:00,164.050003,165.850006,158.25,165.300003,164.416992,25032787
2016-07-12 0:00:00,165.5,170.100006,165.149994,169.699997,168.793472,27144887
2016-07-13 0:00:00,169.949997,172.050003,168.149994,169.399994,168.495071,18932583
2016-07-14 0:00:00,171.050003,172.326004,167.800003,168.449997,167.550156,20549467
2016-07-15 0:00:00,168,168.25,163.981995,165.899994,165.013779,25971900
2016-07-18 0:00:00,167.5,167.5,164.5,166,165.113251,17344661
2016-07-19 0:00:00,165.050003,165.632996,161.25,163.75,162.875259,18556163
2016-07-20 0:00:00,164,164.949997,159.981995,161.149994,160.289154,20599809
2016-07-21 0:00:00,160.449997,161.350006,157.649994,158.800003,157.951706,26586184
2016-07-22 0:00:00,159.25,160.800003,157.600006,159.800003,158.946365,14205262
2016-07-25 0:00:00,159.949997,162.899994,159.800003,162.100006,161.234085,17227744
2016-07-26 0:00:00,162.550003,163,153.600006,155.5,154.669342,27064538
2016-07-27 0:00:00,156.149994,157.350006,155.75,157,156.161331,34367548
2016-07-28 0:00:00,157.5,157.949997,156,156.199997,155.365601,32109775
2016-07-29 0:00:00,156.600006,157.050003,154.149994,156,155.166672,24073227
2016-08-01 0:00:00,156.100006,156.350006,153.199997,154.899994,154.07254,17940458
2016-08-02 0:00:00,154.699997,155.080002,153.100006,154.699997,153.873611,22337801
2016-08-03 0:00:00,154.699997,154.942993,153,154,153.177353,16568319
2016-08-04 0:00:00,154.25,157.699997,153.449997,155.550003,154.71907,22616984
2016-08-05 0:00:00,155.899994,156.600006,153.25,154.800003,153.973083,20080353
2016-08-08 0:00:00,154.899994,156.479996,154,154.600006,153.774155,23314395
2016-08-09 0:00:00,154.949997,158.850006,154.449997,158.100006,157.255447,24682170
2016-08-10 0:00:00,157.350006,159.190002,157.100006,158.899994,158.051163,20650791
2016-08-11 0:00:00,159.800003,159.899994,156.050003,156.550003,155.71373,28224906
2016-08-12 0:00:00,155.949997,161.649994,155.949997,160.5,159.642624,22802064
2016-08-15 0:00:00,161,161.447998,157.800003,157.800003,156.957047,16076923
2016-08-16 0:00:00,156.949997,158.179993,155.5,157.699997,156.857574,22456273
2016-08-17 0:00:00,158,158.050003,154.828003,156.25,155.415329,21687898
2016-08-18 0:00:00,157.100006,160.25,156.300003,159.5,158.647964,29543111
2016-08-19 0:00:00,159.399994,160.75,158.399994,159.199997,158.349564,18119284
2016-08-22 0:00:00,159.75,161.199997,158.699997,159.5,158.647964,13957481
2016-08-23 0:00:00,159.899994,166.600006,159,166.300003,165.411652,31317262
2016-08-24 0:00:00,165.600006,166.020004,163.600006,164.149994,163.273117,20435874
2016-08-25 0:00:00,163.949997,165.5,162.820007,164.050003,163.17366,15233689
2016-08-26 0:00:00,164,165.75,162.899994,163.5,162.626602,13774460
2016-08-30 0:00:00,163.5,164.600006,162.572006,163.300003,162.427673,15416805
2016-08-31 0:00:00,162.899994,166.5,161.25,166.350006,165.46138,35004238
2016-09-01 0:00:00,166.350006,171.300003,165.949997,167.899994,167.003098,38188564
2016-09-02 0:00:00,168.600006,172.550003,167.399994,171.649994,170.733063,30876959
2016-09-05 0:00:00,170.600006,171,168.199997,169.5,168.594543,19989023
2016-09-06 0:00:00,169.949997,171.811996,168.949997,170,169.091873,20047343
2016-09-07 0:00:00,169.850006,171.550003,168.940002,171.25,170.335205,20807866
2016-09-08 0:00:00,170.199997,171.300003,168.600006,171.100006,170.186005,21863545
2016-09-09 0:00:00,170.300003,172,165.949997,166.050003,165.162979,36939180
2016-09-12 0:00:00,163.649994,164.699997,161,163.300003,162.427673,22224083
2016-09-13 0:00:00,164.199997,164.300003,160.649994,160.649994,159.791824,26200569
2016-09-14 0:00:00,162.449997,163.449997,161.199997,161.699997,160.836212,26428767
2016-09-15 0:00:00,162.350006,169.649994,162.350006,169.649994,168.743744,44689600
2016-09-16 0:00:00,168.350006,170.699997,167.067993,169.300003,168.395615,35814005
2016-09-19 0:00:00,171.199997,176.899994,171,176.399994,175.457687,30034670
2016-09-20 0:00:00,176.149994,180.25,173.608002,177.899994,176.949677,36492532
2016-09-21 0:00:00,178.600006,180.203995,176.25,177.649994,176.701004,18912063
2016-09-22 0:00:00,178.5,182.100006,177.949997,180.949997,179.983383,22992381
2016-09-23 0:00:00,180.600006,181.949997,179.714996,181.550003,180.580185,13734201
2016-09-26 0:00:00,180.550003,181.401993,176.050003,176.449997,175.507416,28829215
2016-09-27 0:00:00,177.399994,177.75,172.5,177.75,176.800476,35380205
2016-09-28 0:00:00,177.800003,179.899994,177.5,177.649994,176.701004,22025936
2016-09-29 0:00:00,179,180.350006,178.149994,179.949997,178.988724,17831312
2016-09-30 0:00:00,178.149994,183.005005,176.899994,182.949997,181.972702,24798219
2016-10-03 0:00:00,182.899994,186.649994,180.774994,185.300003,184.31015,25938329
2016-10-04 0:00:00,184.699997,189.850006,184.100006,188.699997,187.691986,54323771
2016-10-05 0:00:00,206,214.850006,199.699997,207.100006,205.993698,144887104
2016-10-06 0:00:00,204.399994,210.570007,201.014999,201.899994,200.821472,33387529
2016-10-07 0:00:00,202.050003,202.899994,198,201.199997,200.125214,36222625
2016-10-10 0:00:00,200.449997,203.619995,198.817001,203.100006,202.015076,26844085
2016-10-11 0:00:00,201.949997,204.100006,200.300003,202.100006,201.020416,18852425
2016-10-12 0:00:00,202.550003,205.399994,200,201.199997,200.125214,19621899
2016-10-13 0:00:00,198,198,195,195.100006,194.0578,34047382
2016-10-14 0:00:00,197,205.5,196.75,203.699997,202.611847,43474739
2016-10-17 0:00:00,202.399994,203.949997,200.779999,201.300003,200.224686,26015734
2016-10-18 0:00:00,201.75,208.951996,201.75,208.300003,207.187286,38307678
2016-10-19 0:00:00,207.800003,215,205.565002,214.850006,213.702301,52063266
2016-10-20 0:00:00,214.300003,214.75,209.649994,210.600006,209.475006,39151374
2016-10-21 0:00:00,209.699997,212.100006,208.050003,210.800003,209.673935,18072118
2016-10-24 0:00:00,211.75,212.781998,209.699997,210.649994,209.524719,14522048
2016-10-25 0:00:00,211.399994,211.447998,208.850006,210.149994,209.02739,27119639
2016-10-26 0:00:00,209.699997,214,209.600006,213.550003,212.409241,34517710
2016-10-27 0:00:00,212.949997,214.800003,211.050003,214.25,213.105499,27446046
2016-10-28 0:00:00,212.949997,216.300003,210,215.75,214.597488,23413120
2016-10-31 0:00:00,214.449997,215.25,209.75,210.75,209.624191,21136758
2016-11-01 0:00:00,211.350006,214.899994,210.5,213.199997,212.061111,25919206
2016-11-02 0:00:00,211.5,211.550003,208.800003,209.25,208.132217,20706024
2016-11-03 0:00:00,208.800003,212.449997,207.800003,210,208.878204,25894534
2016-11-04 0:00:00,207.899994,209.917999,202.350006,202.5,201.418274,26412753
2016-11-07 0:00:00,204.75,205.550003,195.800003,200.199997,199.130554,38453293
2016-11-08 0:00:00,199.399994,202.399994,199,201.199997,200.125214,31483006
2016-11-09 0:00:00,195,199.699997,192.050003,199.649994,198.583481,51819166
2016-11-10 0:00:00,200.5,201.550003,197.25,199.5,198.434296,34896847
2016-11-11 0:00:00,200.449997,200.449997,196.75,198.449997,197.389893,24832614
2016-11-14 0:00:00,202.600006,208.25,198.970001,205.850006,204.750381,33722969
2016-11-15 0:00:00,206.699997,217.600006,203.602997,217,215.840805,43224355
2016-11-16 0:00:00,216.350006,218,212.350006,213.149994,212.011368,32345170
2016-11-17 0:00:00,212.699997,215.649994,212,214,212.856842,21359378
2016-11-18 0:00:00,214.5,215.75,211.649994,212.5,211.364853,18211939
2016-11-21 0:00:00,212.399994,214.699997,209.699997,213.300003,212.160583,11318838
2016-11-22 0:00:00,213.800003,218.699997,213.300003,218.699997,217.531723,28847485
2016-11-23 0:00:00,218.25,219,212.350006,213.399994,212.26004,26711240
2016-11-24 0:00:00,214,215.300003,210.205002,211.5,210.370193,17880578
2016-11-25 0:00:00,211.449997,213.149994,209.100006,212.199997,211.066452,10705007
2016-11-28 0:00:00,212.800003,212.800003,207.550003,209.600006,208.480347,13650527
2016-11-29 0:00:00,209.100006,213.322998,206.572998,208.850006,207.73436,17975122
2016-11-30 0:00:00,208.25,212.649994,207.300003,208.699997,207.585144,37948520
2016-12-01 0:00:00,207.300003,208.25,203.5,205.550003,204.451981,23198684
2016-12-02 0:00:00,204.199997,207.100006,203.632996,206.75,205.645569,14440388
2016-12-05 0:00:00,205.949997,213.179993,205.949997,212.399994,211.265381,18779423
2016-12-06 0:00:00,211.100006,212.098007,209.050003,210.550003,209.425262,17429219
2016-12-07 0:00:00,211.949997,215.085999,210.050003,213.300003,212.160583,23548462
2016-12-08 0:00:00,213,217.800003,210.25,216.949997,215.791077,24010619
2016-12-09 0:00:00,216.550003,219.399994,210.873001,218.100006,216.934937,15022429
2016-12-12 0:00:00,217.75,218.600006,212.050003,212.850006,211.712982,22515619
2016-12-13 0:00:00,212.350006,214.5,204.25,204.850006,203.755722,37966020
2016-12-14 0:00:00,204.949997,208.608002,204.550003,205.75,204.650909,25789757
2016-12-15 0:00:00,205.550003,206.399994,202.199997,204.899994,203.805435,24815118
2016-12-16 0:00:00,205.949997,206.050003,200.100006,200.399994,199.329483,32840740
2016-12-19 0:00:00,200.600006,203.149994,199.75,202.300003,201.219345,23693060
2016-12-20 0:00:00,203,204.75,202,204.649994,203.556778,26401698
2016-12-21 0:00:00,204.600006,205.199997,203.604996,204.25,203.15892,22317014
2016-12-22 0:00:00,203.600006,204.25,200.876999,203.699997,202.611847,13132822
2016-12-23 0:00:00,204,206.199005,203.050003,205.850006,204.750381,5327145
2016-12-28 0:00:00,205.850006,205.850006,202.100006,204.399994,203.308105,11527832
2016-12-29 0:00:00,203.350006,206.649994,203.149994,206.399994,205.297424,8504559
2016-12-30 0:00:00,205.399994,207.399994,203.050003,206.850006,205.745041,8079969
2017-01-03 0:00:00,206.850006,209.100006,203.800003,206.149994,205.048767,23673636
2017-01-04 0:00:00,203.75,205.550003,202.050003,205.5,204.402237,23108227
2017-01-05 0:00:00,205.800003,206.399994,198.800003,199.050003,197.986694,27175214
2017-01-06 0:00:00,197.550003,199.75,195.815002,199.5,198.434296,35214579
2017-01-09 0:00:00,200,201.949997,198.949997,200.949997,199.876541,19429063
2017-01-10 0:00:00,205,215,204.199997,213,211.862183,47694755
2017-01-11 0:00:00,215,215.162003,208.5,208.800003,207.684616,43752241
2017-01-12 0:00:00,206,206.800003,200.154007,206.050003,204.94931,31651824
2017-01-13 0:00:00,206.75,207.899994,204.449997,206,204.899567,21822267
2017-01-16 0:00:00,206.050003,206.350006,177.602005,203.300003,202.214005,23175853
2017-01-17 0:00:00,202.350006,203.300003,199.949997,202,200.920944,31284784
2017-01-18 0:00:00,201.5,202.899994,197.75,201.649994,200.5728,26763994
2017-01-19 0:00:00,202.600006,204.550003,201.649994,202.600006,201.517746,23538408
2017-01-20 0:00:00,199,200.600006,197.350006,198.300003,197.240707,40694736
2017-01-23 0:00:00,197.300003,197.699997,194.75,195,193.958328,27337565
2017-01-24 0:00:00,195,195.399994,191.100006,192.149994,191.12355,27713882
2017-01-25 0:00:00,192.649994,192.850006,188,188.449997,187.443314,48420079
2017-01-26 0:00:00,188.300003,190.399994,186.850006,189,187.990387,30980808
2017-01-27 0:00:00,204,211.300003,188.862,206.550003,205.44664,171110339
2017-01-30 0:00:00,205,209.656006,196.350006,197.800003,196.743378,81222085
2017-01-31 0:00:00,197.899994,206.339996,194.162003,194.600006,193.560471,67518199
2017-02-01 0:00:00,196.300003,196.953003,193.449997,195.25,194.207001,41848148
2017-02-02 0:00:00,194.949997,198.100006,191.350006,196.850006,195.798462,43573658
2017-02-03 0:00:00,196.899994,199.350006,196.600006,197.300003,196.246048,23443000
2017-02-06 0:00:00,197.050003,197.546997,192.800003,193.050003,192.018753,20879253
2017-02-07 0:00:00,192.600006,196.800003,192.5,193.649994,192.61554,38688336
2017-02-08 0:00:00,193.449997,198.5,192.75,197.600006,196.544449,35242755
2017-02-09 0:00:00,198,198.300003,194.410004,197.899994,196.842834,26983485
2017-02-10 0:00:00,197.699997,198.75,196.550003,198,196.942307,25089279
2017-02-13 0:00:00,197.949997,198.449997,195.800003,196.75,195.69899,26412368
2017-02-14 0:00:00,197.5,197.850006,195.949997,197,195.947647,36028627
2017-02-15 0:00:00,197.75,197.936005,195.600006,196.850006,195.798462,20453026
2017-02-16 0:00:00,196.699997,197.399994,194.649994,196.800003,195.748718,47473847
2017-02-17 0:00:00,197.449997,197.449997,194.850006,195.75,194.70433,23888601
2017-02-20 0:00:00,197,197,193.899994,194.600006,193.560471,26638297
2017-02-21 0:00:00,195.600006,195.600006,191.350006,191.350006,190.327835,35636604
2017-02-22 0:00:00,191,193.800003,190.5,193.399994,192.366867,27028345
2017-02-23 0:00:00,193,194.600006,190.850006,191.550003,190.526764,32736232
2017-02-24 0:00:00,191.800003,192.199997,189.100006,190,188.985046,24641137
2017-02-27 0:00:00,191.050003,191.75,188.300003,189.100006,188.089859,20790532
2017-02-28 0:00:00,189.399994,190,187.199997,188.399994,187.393585,29786473
2017-03-01 0:00:00,188.649994,191,187.5,190.149994,189.134232,27769054
2017-03-02 0:00:00,189.350006,189.940002,187.399994,188.800003,187.791458,20584358
2017-03-03 0:00:00,188.5,188.800003,186.850006,188.100006,187.0952,27786432
2017-03-06 0:00:00,188.199997,190.350006,187.5,190.300003,189.283447,39006850
2017-03-07 0:00:00,189.899994,190.350006,186.5,188.949997,187.940643,50337190
2017-03-08 0:00:00,188.550003,189.132996,187.300003,188.5,187.493057,30791014
2017-03-09 0:00:00,187.899994,188.149994,184.050003,186.399994,185.404266,45884105
2017-03-10 0:00:00,186.25,190.050003,185.255005,188.800003,187.791458,34679442
2017-03-13 0:00:00,188.449997,191.550003,187.300003,191,189.979706,27423823
2017-03-14 0:00:00,191.399994,191.457001,187.994995,188.25,187.244385,22481335
2017-03-15 0:00:00,188.25,189.850006,186.972,189.399994,188.388245,19866589
2017-03-16 0:00:00,190,190.25,186.199997,186.899994,185.901596,23997140
2017-03-17 0:00:00,186.600006,188.600006,186.199997,187.350006,186.349197,28867076
2017-03-20 0:00:00,186.800003,189.018005,186.072006,189,187.990387,18019729
2017-03-21 0:00:00,189.199997,190.910995,188.449997,188.899994,187.890915,31752141
2017-03-22 0:00:00,188,188.75,185.550003,185.850006,184.857224,25138955
2017-03-23 0:00:00,187.949997,190.350006,186.011002,189.600006,188.587189,40118676
2017-03-24 0:00:00,190.199997,191.867996,187.860001,191,189.979706,20660231
2017-03-27 0:00:00,189.75,190.550003,187.550003,189.949997,188.935303,18019629
2017-03-28 0:00:00,190,192,188,191.199997,190.178635,33301663
2017-03-29 0:00:00,191.899994,191.899994,189.220001,190.25,189.233704,32579675
2017-03-30 0:00:00,189.350006,192.149994,188.199997,189,187.990387,23492736
2017-03-31 0:00:00,188.550003,190.117004,185.550003,185.600006,184.608551,30199393
2017-04-03 0:00:00,186.149994,186.490005,184.25,184.699997,183.713348,21542373
2017-04-04 0:00:00,184.5,186.179993,184.261002,184.699997,183.713348,22665434
2017-04-05 0:00:00,184.399994,185.490997,183.949997,184.25,183.265762,26500725
2017-04-06 0:00:00,183.100006,186,182.25,185.199997,184.210678,23025714
2017-04-07 0:00:00,186.649994,190,185.25,189.699997,188.686646,32376495
2017-04-10 0:00:00,191.149994,194.800003,189.673996,194.199997,193.162598,44260318
2017-04-11 0:00:00,194.5,196,193.199997,195.600006,194.55513,37012066
2017-04-12 0:00:00,195,196.850006,183.300003,184.399994,183.414948,89162020
2017-04-13 0:00:00,184.600006,185.949997,181.149994,181.5,180.530441,41519613
2017-04-18 0:00:00,181.5,183,176.199997,176.199997,175.258759,50424598
2017-04-19 0:00:00,176,177.800003,175.481995,175.600006,174.661972,60057342
2017-04-20 0:00:00,176,176.449997,173.050003,174.199997,173.26944,37934115
2017-04-21 0:00:00,174.449997,174.800003,173.25,173.800003,172.871582,41277696
2017-04-24 0:00:00,177.100006,177.889999,173.669998,176.949997,176.004745,26934847
2017-04-25 0:00:00,177.399994,178.800003,176.100006,177.699997,176.750748,23244394
2017-04-26 0:00:00,177.5,182.117004,173.869995,180.5,179.535782,23561557
2017-04-27 0:00:00,179.25,182.550003,177.949997,182.5,181.525101,34856479
2017-04-28 0:00:00,182.350006,184.5,182.050003,183.25,182.271103,55342159
2017-05-02 0:00:00,185.050003,185.080002,181.5,183,182.02243,28859387
2017-05-03 0:00:00,182.600006,186.550003,176.100006,176.75,175.805817,47632636
2017-05-04 0:00:00,177.399994,182.501007,174.899994,176.649994,175.706345,34611925
2017-05-05 0:00:00,176.199997,180,176.199997,179.449997,178.491394,24899087
2017-05-08 0:00:00,180,181.259995,179,179.5,178.541138,13795890
2017-05-09 0:00:00,180.149994,181.75,179.494995,181.050003,180.082855,15940116
2017-05-10 0:00:00,180.199997,184.199997,179.800003,183.350006,182.370575,26409446
2017-05-11 0:00:00,183.649994,183.649994,179.25,180.350006,179.386597,18992177
2017-05-12 0:00:00,179.800003,180.339005,177.75,178.850006,177.894608,20847501
2017-05-15 0:00:00,179.100006,180.100006,177.5,178.149994,177.198334,18505247
2017-05-16 0:00:00,177.850006,178.899994,176.850006,178.449997,177.496735,25724739
2017-05-17 0:00:00,178.100006,183,177.350006,182.300003,181.326172,30947299
2017-05-18 0:00:00,182.300003,184.449997,180.899994,184,183.01709,27265512
2017-05-19 0:00:00,184,184.350006,181.350006,182.5,181.525101,18948421
2017-05-22 0:00:00,183.5,185.929993,182.199997,184.649994,183.66362,18675951
2017-05-23 0:00:00,184.5,185.550003,182.149994,182.600006,181.624573,17529383
2017-05-24 0:00:00,182.899994,184.5,182.100006,183.949997,182.967361,17308925
2017-05-25 0:00:00,184.5,187.449997,184.149994,186.75,185.752396,55950852
2017-05-26 0:00:00,186,188.100006,185.350006,186.800003,185.802139,16356820
2017-05-30 0:00:00,186.800003,186.800003,184.149994,185.350006,184.359894,17374996
2017-05-31 0:00:00,185.5,185.869995,182.25,183.699997,182.718689,22704840
2017-06-01 0:00:00,183.899994,184.399994,181.199997,183.649994,182.668961,14607655
2017-06-02 0:00:00,185,185,182.100006,182.550003,181.574844,13064109
2017-06-05 0:00:00,182.699997,183.550003,181.649994,182.199997,181.2267,11240955
2017-06-06 0:00:00,181.550003,182.350006,179.600006,181.649994,180.679642,16681804
2017-06-07 0:00:00,181.149994,182.296005,178.300003,178.399994,177.447006,24200530
2017-06-08 0:00:00,178.350006,181.25,178.350006,179.949997,178.988724,19318265
2017-06-09 0:00:00,179.800003,181.453003,176.050003,180.75,179.784454,17222402
2017-06-12 0:00:00,181.149994,185.729996,180.550003,183.449997,182.470032,23788625
2017-06-13 0:00:00,184.350006,185.529999,183.350006,185.300003,184.31015,22345941
2017-06-14 0:00:00,185.050003,187.154999,183.966003,185.899994,184.906937,25512976
2017-06-15 0:00:00,185.399994,186.457993,179.199997,179.949997,178.988724,38934396
2017-06-16 0:00:00,186,188,167.75,171.100006,170.186005,103970252
2017-06-19 0:00:00,173.899994,174.744995,170.649994,171.050003,170.136276,9423574
2017-06-20 0:00:00,173.300003,172.199997,167.395004,168.100006,167.202042,13261466
2017-06-21 0:00:00,167.649994,171.093002,166.830002,167.899994,167.003098,10598126
2017-06-22 0:00:00,167.600006,167.824997,165.449997,166.5,165.61058,4460797
2017-06-23 0:00:00,166.75,167.199997,165.477997,166.550003,165.660309,3248342
2017-06-26 0:00:00,167,167.830002,165.350006,166.494995,165.605591,5403597
2017-06-27 0:00:00,166.5,170.050003,166.669006,168.830002,167.928131,5708593
2017-06-28 0:00:00,169,172.363998,169,171.75,170.832535,20843933
2017-06-29 0:00:00,171.949997,173.399994,171.199997,172,171.081192,11342511
2017-06-30 0:00:00,172.350006,172.350006,168.509003,168.800003,167.898285,15620419
2017-07-03 0:00:00,168.800003,170.449997,166.942001,167.350006,166.456039,23055117
2017-07-04 0:00:00,167.949997,169,166,167.100006,166.207382,19931524
2017-07-05 0:00:00,168,174.949997,167.300003,173.449997,172.523453,49978198
2017-07-06 0:00:00,173.25,173.399994,171.050003,171.600006,170.683334,28562674
2017-07-07 0:00:00,171.600006,172.300003,167.121994,170.5,169.589203,21065593
2017-07-10 0:00:00,170.5,171.899994,170.300003,171.050003,170.136276,17094623
2017-07-11 0:00:00,173,174.300003,170.649994,171.050003,170.136276,19154264
2017-07-12 0:00:00,171.75,172.800003,170.199997,170.699997,169.788132,16896797
2017-07-13 0:00:00,171,173.75,171,172.699997,171.777451,18452416
2017-07-14 0:00:00,173.300003,175.100006,172.550003,173.5,172.573181,25080721
2017-07-17 0:00:00,173.300003,174.800003,172.710007,174.449997,173.518112,13569607
2017-07-18 0:00:00,173.850006,175.190994,173.550003,174.25,173.319183,20434734
2017-07-19 0:00:00,174.350006,175.800003,173.899994,174.600006,173.667313,18028829
2017-07-20 0:00:00,175.050003,179.550003,174.949997,175.399994,174.463028,19798422
2017-07-21 0:00:00,175.5,176.201004,174.399994,175.199997,174.264099,18631920
2017-07-24 0:00:00,174.899994,175.755005,172.25,172.75,171.827194,36559339
2017-07-25 0:00:00,172.949997,175.475006,172.949997,174,173.070511,14522841
2017-07-26 0:00:00,174.199997,176.199997,173.550003,173.800003,172.871582,15440248
2017-07-27 0:00:00,172.75,176.25,171.949997,175.699997,174.761429,16305287
2017-07-28 0:00:00,174.5,174.899994,172.865005,173.300003,172.374252,15339436
2017-07-31 0:00:00,173.199997,174.699997,172.600006,174.199997,173.26944,16280577
2017-08-01 0:00:00,174.149994,176.100006,174.100006,175.949997,175.010086,16935966
2017-08-02 0:00:00,176.25,178.850006,175.824997,178.199997,177.248077,21625028
2017-08-03 0:00:00,178.550003,181,177.850006,180,179.038467,27235845
2017-08-04 0:00:00,179.550003,180.649994,178.800003,180.149994,179.187653,12752152
2017-08-07 0:00:00,180.149994,180.300003,177.699997,179.449997,178.491394,11924925
2017-08-08 0:00:00,178.899994,180.449997,177.75,179.449997,178.491394,12564607
2017-08-09 0:00:00,179.350006,180.149994,178.182999,180.149994,179.187653,14118820
2017-08-10 0:00:00,180.350006,180.449997,175.899994,177,176.054489,17802429
2017-08-11 0:00:00,176.100006,178.25,175.600006,177.199997,176.253418,15507741
2017-08-14 0:00:00,177.449997,177.949997,175.800003,176.25,175.308487,14024418
2017-08-15 0:00:00,177.899994,180,176.600006,177.199997,176.253418,17733717
2017-08-16 0:00:00,178,180.949997,177.429993,180.100006,179.137939,17297662
2017-08-17 0:00:00,180.399994,180.699997,177.699997,178.850006,177.894608,18103161
2017-08-18 0:00:00,177.75,179.25,175.949997,176.550003,175.606888,33093653
2017-08-21 0:00:00,175.800003,177.300003,173.75,176.949997,176.004745,18851010
2017-08-22 0:00:00,177.850006,185.100006,176.949997,184.199997,183.216019,45875371
2017-08-23 0:00:00,184.899994,188.25,183.850006,187.100006,186.10054,41360653
2017-08-24 0:00:00,186.550003,189.100006,182.949997,187.449997,186.448654,36121537
2017-08-25 0:00:00,183.449997,185.75,182.399994,184.199997,183.216019,29622283
2017-08-29 0:00:00,184.199997,184.199997,179.923004,180.850006,179.883926,25390587
2017-08-30 0:00:00,181.75,183.050003,180.300003,182.399994,181.425629,20497075
2017-08-31 0:00:00,182.850006,182.850006,178.600006,180.899994,179.93364,29036330
2017-09-01 0:00:00,180.899994,184.399994,180.878006,183.100006,182.121902,19562199
2017-09-04 0:00:00,182.949997,186.649994,182.399994,185.350006,184.359894,16627871
2017-09-05 0:00:00,186.199997,186.75,183.949997,184.699997,183.713348,18910895
2017-09-06 0:00:00,184.550003,186.300003,183.600006,186,185.006409,19746169
2017-09-07 0:00:00,185.850006,186.649994,184.832993,186.449997,185.453995,18901090
2017-09-08 0:00:00,185.800003,188.774994,185.705994,187.75,186.747055,38136885
2017-09-11 0:00:00,188.350006,189.25,185.199997,186.149994,185.155609,17100227
2017-09-12 0:00:00,186.449997,188.100006,185.013,185.050003,184.061493,24085709
2017-09-13 0:00:00,182.199997,185.897003,180.75,181.649994,180.679642,31072396
2017-09-14 0:00:00,182.100006,185.050003,180.25,183.25,182.271103,37758309
2017-09-15 0:00:00,182.949997,184.949997,181.149994,181.5,180.530441,31292696
2017-09-18 0:00:00,182.75,184.25,181.949997,183.850006,182.867905,14263166
2017-09-19 0:00:00,182.899994,187.149994,182.550003,185.75,184.757751,22073137
2017-09-20 0:00:00,186.800003,187.600006,185.149994,186.5,185.503738,25649583
2017-09-21 0:00:00,186,186.399994,182.600006,183.399994,182.420288,22291963
2017-09-22 0:00:00,182.850006,186,182.300003,183.850006,182.867905,11228684
2017-09-25 0:00:00,182.800003,185,182.535995,182.949997,181.972702,24249911
2017-09-26 0:00:00,182.75,185.100006,182.449997,184.699997,183.713348,20839798
2017-09-27 0:00:00,184.850006,188.100006,182.934006,187.199997,186.199997,23388351
2017-09-28 0:00:00,187.199997,187.854996,184,185.050003,184.061493,24233161
2017-09-29 0:00:00,185.449997,187.850006,184.550003,187.149994,186.150253,30463252
2017-10-02 0:00:00,187.25,189.199997,186.449997,186.649994,185.652924,43831068
2017-10-03 0:00:00,185.949997,190.649994,185.449997,190.050003,189.034775,35260880
2017-10-04 0:00:00,194,194.419998,182.350006,183.949997,182.967361,88873753
2017-10-05 0:00:00,183.449997,193.102997,183.449997,186.600006,185.60321,47646064
2017-10-06 0:00:00,186.899994,189.699997,186.100006,188.399994,187.393585,22402487
2017-10-09 0:00:00,188.75,188.899994,185.671997,186.350006,185.354538,18713405
2017-10-10 0:00:00,185.800003,187.850006,185.199997,187.350006,186.349197,21337057
2017-10-11 0:00:00,187.449997,188.794006,186.350006,187.199997,186.199997,26529043
2017-10-12 0:00:00,186.050003,187.25,185.399994,185.600006,185.600006,23235599
2017-10-13 0:00:00,185.5,187.350006,185.5,186,186,16423473
2017-10-16 0:00:00,186.199997,187.449997,185.800003,186.149994,186.149994,20842641
2017-10-17 0:00:00,186.5,187.556,185.475006,186.050003,186.050003,23122111
2017-10-18 0:00:00,186.300003,187.399994,185.649994,187.149994,187.149994,13662492
2017-10-19 0:00:00,185.649994,188.149994,185.449997,187.350006,187.350006,26675465
2017-10-20 0:00:00,187.350006,189.350006,187.350006,188.899994,188.899994,25373007
2017-10-23 0:00:00,189.100006,189.949997,186.850006,187.5,187.5,14373964
2017-10-24 0:00:00,186.850006,188.300003,186.449997,186.800003,186.800003,15115748
2017-10-25 0:00:00,186.550003,187.089996,185,185.550003,185.550003,17094979
2017-10-26 0:00:00,185.550003,186.449997,184.600006,186.149994,186.149994,13821288
2017-10-27 0:00:00,185.649994,186.600006,185.100006,185.5,185.5,22425125
2017-10-30 0:00:00,185,185.899994,181.102997,181.899994,181.899994,25507712
2017-10-31 0:00:00,181.449997,183.199997,180.449997,181.399994,181.399994,20451180
2017-11-01 0:00:00,181.800003,182.050003,177.350006,178.449997,178.449997,49445019
2017-11-02 0:00:00,177.800003,181.25,177.399994,179.600006,179.600006,28773815
2017-11-03 0:00:00,179.350006,180,178.649994,179.100006,179.100006,17044368
2017-11-06 0:00:00,178.300003,179.550003,176.100006,176.550003,176.550003,25887118
2017-11-07 0:00:00,177.050003,177.649994,175.949997,176,176,22823945
2017-11-08 0:00:00,175.75,176.850006,175.399994,176.850006,176.850006,18397203
2017-11-09 0:00:00,176.350006,177.699997,175.199997,176.800003,176.800003,35146442
2017-11-10 0:00:00,176.449997,177.834,175.199997,176.600006,176.600006,15617075
2017-11-13 0:00:00,177.199997,177.25,175.5,177,177,26426555
2017-11-14 0:00:00,180.5,190.789993,179.850006,188.050003,188.050003,120017772
2017-11-15 0:00:00,187.800003,190.195007,183.449997,183.649994,183.649994,61300028
2017-11-16 0:00:00,184.550003,186.100006,183.75,184.350006,184.350006,22407662
2017-11-17 0:00:00,183.600006,184.699997,181.649994,184.699997,184.699997,19087184
2017-11-20 0:00:00,184.350006,188.300003,184.350006,187,187,20650036
2017-11-21 0:00:00,187.449997,189.5,186.699997,189,189,27863501
2017-11-22 0:00:00,188.550003,195.25,188.449997,194.399994,194.399994,45144568
2017-11-23 0:00:00,194.199997,194.800003,193.350006,194.050003,194.050003,21623942
2017-11-24 0:00:00,194,194.449997,192.199997,192.600006,192.600006,16259541
2017-11-27 0:00:00,192.100006,193.149994,190.350006,192.850006,192.850006,18507690
2017-11-28 0:00:00,193.149994,195.899994,192.300003,195.199997,195.199997,24697305
2017-11-29 0:00:00,194,199,193.699997,198,198,32326050
2017-11-30 0:00:00,196.600006,199,194.050003,194.050003,194.050003,41008717
2017-12-01 0:00:00,194.5,196.5,193.800003,195.5,195.5,22070103
2017-12-04 0:00:00,196.899994,196.899994,194.350006,195.149994,195.149994,20556258
2017-12-05 0:00:00,199.949997,204.699997,199.75,201,201,55658064
2017-12-06 0:00:00,201,206.199997,200,203.399994,203.399994,36021393
2017-12-07 0:00:00,203.800003,205.449997,202,203.649994,203.649994,26232955
2017-12-08 0:00:00,204.25,205.949997,202.899994,204.550003,204.550003,29143190
2017-12-11 0:00:00,204.550003,206.699997,204.25,205.5,205.5,23065902
2017-12-12 0:00:00,205.800003,209,204.100006,205.649994,205.649994,29012480
2017-12-13 0:00:00,205.25,210.035995,205.25,209.462006,209.462006,59061250
2017-12-14 0:00:00,208.449997,208.449997,205.5,206.949997,206.949997,36387740
2017-12-15 0:00:00,206.899994,207.300003,205.25,207.300003,207.300003,33182725
2017-12-18 0:00:00,207,208.399994,205.100006,206.050003,206.050003,17334935
2017-12-19 0:00:00,206.050003,207.149994,205.449997,206,206,18848598
2017-12-20 0:00:00,206.399994,207.649994,205.649994,206.149994,206.149994,23342569
2017-12-21 0:00:00,206.149994,209.699997,205.899994,207.5,207.5,29510913
2017-12-22 0:00:00,207.350006,209.350006,206.75,206.75,206.75,5703136
2017-12-27 0:00:00,206.75,210.050003,206.75,209.100006,209.100006,14341529
2017-12-28 0:00:00,209.25,210.050003,207.800003,208.399994,208.399994,9611741
2017-12-29 0:00:00,209,210.199997,207.5,209.25,209.25,8550820
2018-01-02 0:00:00,209.25,209.699997,207.399994,208.5,208.5,13638107
2018-01-03 0:00:00,208.5,209.699997,207.199997,209.600006,209.600006,17020777
2018-01-04 0:00:00,210.399994,211.300003,209.300003,211.199997,211.199997,24351596
2018-01-05 0:00:00,211.100006,212.100006,208.899994,209.699997,209.699997,22858842
